item_id,category,label,applies_to,monthly_eur_low,monthly_eur_high,status,source_name,source_url,as_of,confidence,notes
mesl_single_urban,baseline,"MESL minimum budget excluding housing - single adult, urban",single working-age adult,1243.67,1243.67,verified,"Vincentian MESL Research Centre - MESL 2025 report, Table 2",https://www.budgeting.ie/download/pdf/mesl_2025.pdf,2025 report,medium,"EUR 287/week x 52 / 12. Already includes food, energy, transport etc - do NOT add itemised rows on top. Page number came from an automated summary: confirm in the PDF."
tv_licence,fixed,TV licence,anyone with a TV or device that receives TV signals,13.33,13.33,verified,bonkers.ie explainer,https://www.bonkers.ie/blog/personal-finance/the-tv-licence-where-are-we-now-and-where-to-next/,undated (source says unchanged since 2016),medium,EUR 160/year / 12. Secondary source: confirm on the official An Post/RTE page. Exemptions exist.
electricity_small_home,utilities,Electricity - 1 to 2 bed home,whole home (split between housemates),106,106,verified,Selectra Ireland,https://selectra.ie/energy/guides/billing/average-gas-electricity-bill,2026-10,medium,Average for a 1-2 bed flat or house. Commercial comparison site.
gas_average_home,utilities,Gas - average home,whole home that uses gas,124,124,verified,Selectra Ireland,https://selectra.ie/energy/guides/billing/average-gas-electricity-bill,2026-10,medium,"National average for homes that use gas, not specific to small homes."
mobile_gomo,communications,Mobile SIM plan (GoMo),individual,14.99,14.99,verified,GoMo,https://www.gomo.ie/,2026-10-04,medium,"30-day rolling, price-lock claim. Data allowance not shown in our fetch. Compare other providers. Author had entered a 12.99 low with no source: add the source/date to restore it."
broadband_gomo,communications,Fibre broadband (GoMo),household,29.99,29.99,verified,GoMo,https://www.gomo.ie/,2026-10-04,medium,Often included in room rent or split in shared homes.
room_rent_galway,housing,Room in a shared house - Galway,single adult in a shared house,,,superseded,,,,,"Author estimate was 500-800 for Galway. Replaced by reference/rooms.csv (Daft.ie Rental Report 2026Q1, pages 15 and 32)."
transport_galway_monthly,transport,Public transport monthly cost - Galway,individual,50,100,estimate,Author's estimate,,2026-10-04,low,Author's rough estimate for Galway public transport. Find the official TFI/Bus Eireann fare to replace it.
arrival_deposit,one_off,Deposit and first month up front,new tenant,,,verified,RTB renting in college,https://rtb.ie/renting-in-college,2026-10-04,medium,"Deposit max one month's rent plus max one month's rent in advance (standard private rentals). Computed from the housing rent in the app; not a fixed number."
arrival_registration,one_off,Irish Residence Permit (IRP) registration fee,non-EEA newcomer staying over 90 days,300,300,estimate,DkIT International (quotes the registration fee),https://www.dkit.ie/study/international/visas/irish-residence-permit,2026-10-04,medium,"EUR 300 per adult, one-off, card payment only. Secondary source: confirm on an official irishimmigration.ie page. Amount is one-off, not monthly."
health_insurance_optional,optional,Private health insurance,individual,,,todo,,,,,Optional. Research and cite.
gym_optional,optional,Gym membership,individual,30,60,estimate,Author's estimate,,2026-10-04,low,Author's rough estimate for a gym membership. Needs a cited source.
