category,weekly_eur_2024,source_name,source_url
Food,59.87,Vincentian MESL 2024 Working Age Adult (Urban),https://budgeting.ie/wp-content/uploads/2024/08/WA_Core_MESL_U_2024.pdf
Clothing,13.21,Vincentian MESL 2024 Working Age Adult (Urban),https://budgeting.ie/wp-content/uploads/2024/08/WA_Core_MESL_U_2024.pdf
Personal care,10.91,Vincentian MESL 2024 Working Age Adult (Urban),https://budgeting.ie/wp-content/uploads/2024/08/WA_Core_MESL_U_2024.pdf
Health,5.42,Vincentian MESL 2024 Working Age Adult (Urban),https://budgeting.ie/wp-content/uploads/2024/08/WA_Core_MESL_U_2024.pdf
Household goods,6.57,Vincentian MESL 2024 Working Age Adult (Urban),https://budgeting.ie/wp-content/uploads/2024/08/WA_Core_MESL_U_2024.pdf
Household services,4.04,Vincentian MESL 2024 Working Age Adult (Urban),https://budgeting.ie/wp-content/uploads/2024/08/WA_Core_MESL_U_2024.pdf
Phone and broadband,14.50,Vincentian MESL 2024 Working Age Adult (Urban),https://budgeting.ie/wp-content/uploads/2024/08/WA_Core_MESL_U_2024.pdf
Social life and activities,60.50,Vincentian MESL 2024 Working Age Adult (Urban),https://budgeting.ie/wp-content/uploads/2024/08/WA_Core_MESL_U_2024.pdf
Education,3.44,Vincentian MESL 2024 Working Age Adult (Urban),https://budgeting.ie/wp-content/uploads/2024/08/WA_Core_MESL_U_2024.pdf
Transport,31.59,Vincentian MESL 2024 Working Age Adult (Urban),https://budgeting.ie/wp-content/uploads/2024/08/WA_Core_MESL_U_2024.pdf
Home energy,27.79,Vincentian MESL 2024 Working Age Adult (Urban),https://budgeting.ie/wp-content/uploads/2024/08/WA_Core_MESL_U_2024.pdf
Personal costs,7.53,Vincentian MESL 2024 Working Age Adult (Urban),https://budgeting.ie/wp-content/uploads/2024/08/WA_Core_MESL_U_2024.pdf
Insurance,14.54,Vincentian MESL 2024 Working Age Adult (Urban),https://budgeting.ie/wp-content/uploads/2024/08/WA_Core_MESL_U_2024.pdf
Savings and contingencies,10.00,Vincentian MESL 2024 Working Age Adult (Urban),https://budgeting.ie/wp-content/uploads/2024/08/WA_Core_MESL_U_2024.pdf
